{
    "time": "2025-01-07 16:42:31.913513",
    "No. of messages": 119,
    "reliability": 100.0,
    "time taken": 1.0106539726257324,
    "messages per second": 117.7455422164242,
    "messages": [
        [
            126,
            1.74542236328125,
            0.5280184155427852,
            1.4298288011589873
        ],
        [
            127,
            3.460968017578125,
            1.0058894992029446,
            2.8682650003082633
        ],
        [
            128,
            5.145057678222656,
            1.4328957430314282,
            4.313695553261619
        ],
        [
            129,
            6.796363830566406,
            1.8085462205367817,
            5.764636890951472
        ],
        [
            130,
            8.413726806640625,
            2.1324956647360036,
            7.219718735039034
        ],
        [
            131,
            9.996261596679688,
            2.4045741395358986,
            8.677654426532968
        ],
        [
            133,
            13.054206848144531,
            2.7932341690648066,
            11.59748289283382
        ],
        [
            134,
            14.528793334960938,
            2.9101893134590213,
            13.057318901433412
        ],
        [
            135,
            15.966888427734375,
            2.976013924288548,
            14.515880389334036
        ],
        [
            136,
            17.368545532226562,
            2.9911746514600983,
            15.972366229239192
        ],
        [
            137,
            18.73394775390625,
            2.9562231129269847,
            17.426041380110856
        ],
        [
            138,
            20.063461303710938,
            2.8717756642018273,
            18.876246328063523
        ],
        [
            139,
            21.357589721679688,
            2.7385174444540237,
            20.32238225067356
        ],
        [
            140,
            22.616966247558594,
            2.5571713564292313,
            21.7638988786868
        ],
        [
            141,
            23.84233856201172,
            2.3284994151485243,
            23.20029314731942
        ],
        [
            142,
            25.034622192382812,
            2.0532771226245057,
            24.631102452762164
        ],
        [
            143,
            26.19475555419922,
            1.7323029087553632,
            26.055895211286284
        ],
        [
            144,
            27.323883056640625,
            1.3663886904308153,
            27.474258720951156
        ],
        [
            145,
            28.423202514648438,
            0.9563302001507434,
            28.88579646420599
        ],
        [
            146,
            29.493995666503906,
            0.5029069860252076,
            30.29011731829661
        ],
        [
            147,
            30.537689208984375,
            0.006915454903669627,
            31.68684567050908
        ],
        [
            148,
            31.5557861328125,
            -0.5309026086800799,
            33.0755742136994
        ],
        [
            149,
            32.54985046386719,
            -1.1098310454761453,
            34.45591047641422
        ],
        [
            150,
            33.52159118652344,
            -1.729163137128694,
            35.82742826972142
        ],
        [
            151,
            34.4727783203125,
            -2.388254879792477,
            37.18967780245367
        ],
        [
            152,
            35.4052734375,
            -3.0864865462069915,
            38.54217961206233
        ],
        [
            153,
            36.32106018066406,
            -3.823289322504742,
            39.88441883264598
        ],
        [
            154,
            37.22216796875,
            -4.598136541666726,
            41.215825638812746
        ],
        [
            156,
            38.98907470703125,
            -6.260122491303484,
            43.84364202542939
        ],
        [
            157,
            39.8594970703125,
            -7.146479987794255,
            45.13863378589535
        ],
        [
            158,
            40.72442626953125,
            -8.069335664644523,
            46.41994132866023
        ],
        [
            159,
            41.586456298828125,
            -9.028432278564402,
            47.68668161402743
        ],
        [
            160,
            42.4482421875,
            -10.023609819043514,
            48.937853043215526
        ],
        [
            161,
            43.31256103515625,
            -11.05476028478255,
            50.1723657619423
        ],
        [
            162,
            44.18231201171875,
            -12.121862518063566,
            51.38900096764251
        ],
        [
            163,
            45.06056213378906,
            -13.224950742127547,
            52.5864441844048
        ],
        [
            164,
            45.950439453125,
            -14.364175336929982,
            53.76320577401539
        ],
        [
            165,
            46.85527038574219,
            -15.539741979091595,
            54.91766797184107
        ],
        [
            166,
            47.77854919433594,
            -16.751973007709815,
            56.04802756711511
        ],
        [
            167,
            48.72392272949219,
            -18.00127303253033,
            57.15231545907511
        ],
        [
            168,
            49.69523620605469,
            -19.288160628377224,
            58.228320455460775
        ],
        [
            169,
            50.69651794433594,
            -20.613271032551253,
            59.27364591787838
        ],
        [
            170,
            51.732025146484375,
            -21.97734130913918,
            60.28559781977114
        ],
        [
            171,
            52.806304931640625,
            -23.38124406649257,
            61.261240043084356
        ],
        [
            172,
            53.92413330078125,
            -24.825996223772297,
            62.19730603847107
        ],
        [
            173,
            55.09056091308594,
            -26.31272664216887,
            63.090188035698716
        ],
        [
            174,
            56.31105041503906,
            -27.84274086246177,
            63.93591546446281
        ],
        [
            175,
            57.59132385253906,
            -29.41748334144316,
            64.73010640121736
        ],
        [
            176,
            58.93751525878906,
            -31.038567123299245,
            65.46790013421729
        ],
        [
            177,
            60.356201171875,
            -32.707740122131476,
            66.14396660441254
        ],
        [
            178,
            61.854339599609375,
            -34.426948510816686,
            66.75245110878274
        ],
        [
            179,
            63.43934631347656,
            -36.19824366076559,
            67.28690281928223
        ],
        [
            180,
            65.11917114257812,
            -38.02383474118976,
            67.74026264454761
        ],
        [
            181,
            66.90214538574219,
            -39.90601454064816,
            68.10483220981726
        ],
        [
            182,
            68.79708862304688,
            -41.84713519046251,
            68.37226036993985
        ],
        [
            183,
            70.81320190429688,
            -43.849529940166356,
            68.53350814319636
        ],
        [
            184,
            72.9599609375,
            -45.91544572254752,
            68.5789539098339
        ],
        [
            185,
            75.24705505371094,
            -48.046846243571814,
            68.49834755629463
        ],
        [
            186,
            77.68408203125,
            -50.245314876044105,
            68.28101547748687
        ],
        [
            187,
